{
  "run_name": "v0_full",
  "metadata": {
    "update_strategy": "full",
    "partition_strategy": "range",
    "num_workers": 4,
    "num_nodes": 37074,
    "num_edges": 67667,
    "damping_factor": 0.85,
    "convergence_threshold": 1e-06,
    "snapshot_path": "snapshots\\graph_v0.pkl"
  },
  "total_wall_time_s": 0.47782610007561743,
  "num_iterations": 4,
  "avg_iteration_time_s": 0.11510930006625131,
  "total_compute_time_s": 0.07591430051252246,
  "total_barrier_wait_s": 0.37808680022135377,
  "total_comm_bytes": 6676020,
  "total_comm_kb": 6519.55078125,
  "avg_load_imbalance": 0.39223351343369695,
  "driver_rss_baseline_mb": 149.44921875,
  "driver_rss_peak_mb": 165.19140625,
  "peak_worker_rss_mb": 0.41796875,
  "final_delta": 1.2916865533305153e-07,
  "extras": {
    "num_iterations": 4,
    "rank_sum": 1.000000000000175
  },
  "iterations": [
    {
      "iteration": 1,
      "wall_time_s": 0.2566380000207573,
      "barrier_wait_s": 0.23360260017216206,
      "compute_time_s": 0.02149039995856583,
      "delta": 0.009089865149196076,
      "comm_bytes": 1669005,
      "driver_rss_mb": 159.265625,
      "worker_task_times_s": [
        0.01916360016912222,
        0.014760400168597698,
        0.010658300016075373,
        0.015087299980223179
      ],
      "worker_peak_rss_mb": [
        0.2890625,
        0.31640625,
        0.3125,
        0.37109375
      ],
      "task_min_s": 0.010658300016075373,
      "task_max_s": 0.01916360016912222,
      "task_avg_s": 0.014917400083504617,
      "task_std_s": 0.0034748459677929363,
      "load_imbalance": 0.4438257988053415,
      "dirty_node_count": null
    },
    {
      "iteration": 2,
      "wall_time_s": 0.06717119994573295,
      "barrier_wait_s": 0.047853399999439716,
      "compute_time_s": 0.01776139996945858,
      "delta": 7.490951070832873e-05,
      "comm_bytes": 1669005,
      "driver_rss_mb": 162.96484375,
      "worker_task_times_s": [
        0.017961000092327595,
        0.015156399924308062,
        0.012712699826806784,
        0.013005099957808852
      ],
      "worker_peak_rss_mb": [
        0.34765625,
        0.35546875,
        0.32421875,
        0.3125
      ],
      "task_min_s": 0.012712699826806784,
      "task_max_s": 0.017961000092327595,
      "task_avg_s": 0.014708799950312823,
      "task_std_s": 0.0024265311913621536,
      "load_imbalance": 0.29220534705986273,
      "dirty_node_count": null
    },
    {
      "iteration": 3,
      "wall_time_s": 0.06335810013115406,
      "barrier_wait_s": 0.045064999954774976,
      "compute_time_s": 0.016804200364276767,
      "delta": 2.974043344989543e-06,
      "comm_bytes": 1669005,
      "driver_rss_mb": 163.796875,
      "worker_task_times_s": [
        0.01696910010650754,
        0.014856199966743588,
        0.010781500022858381,
        0.010580100119113922
      ],
      "worker_peak_rss_mb": [
        0.3203125,
        0.36328125,
        0.33984375,
        0.390625
      ],
      "task_min_s": 0.010580100119113922,
      "task_max_s": 0.01696910010650754,
      "task_avg_s": 0.013296725053805858,
      "task_std_s": 0.0031424358133928802,
      "load_imbalance": 0.3765078847606938,
      "dirty_node_count": null
    },
    {
      "iteration": 4,
      "wall_time_s": 0.0732699001673609,
      "barrier_wait_s": 0.05156580009497702,
      "compute_time_s": 0.01985830022022128,
      "delta": 1.2916865533305153e-07,
      "comm_bytes": 1669005,
      "driver_rss_mb": 165.19140625,
      "worker_task_times_s": [
        0.0206731001380831,
        0.011238000122830272,
        0.013904199935495853,
        0.016528799897059798
      ],
      "worker_peak_rss_mb": [
        0.3203125,
        0.41796875,
        0.3125,
        0.3359375
      ],
      "task_min_s": 0.011238000122830272,
      "task_max_s": 0.0206731001380831,
      "task_avg_s": 0.015586025023367256,
      "task_std_s": 0.004020821385700129,
      "load_imbalance": 0.45639502310888974,
      "dirty_node_count": null
    }
  ]
}