{
  "run_name": "v3_localised",
  "metadata": {
    "update_strategy": "localised",
    "partition_strategy": "range",
    "num_workers": 4,
    "num_nodes": 99803,
    "num_edges": 178696,
    "dirty_node_count": 48316,
    "dirty_pct": 48.411370399687385,
    "hop_radius": 2,
    "damping_factor": 0.85,
    "convergence_threshold": 1e-06,
    "snapshot_path": "snapshots\\graph_v3.pkl"
  },
  "total_wall_time_s": 2.0866437999065965,
  "num_iterations": 14,
  "avg_iteration_time_s": 0.1443742142624355,
  "total_compute_time_s": 0.503979500150308,
  "total_barrier_wait_s": 1.461851000552997,
  "total_comm_bytes": 62899060,
  "total_comm_kb": 61424.86328125,
  "avg_load_imbalance": 0.5724271449740205,
  "driver_rss_baseline_mb": 318.9921875,
  "driver_rss_peak_mb": 347.08984375,
  "peak_worker_rss_mb": 0.57421875,
  "final_delta": 9.907117560591597e-07,
  "extras": {
    "num_iterations": 14,
    "rank_sum": 0.9999999999998079
  },
  "iterations": [
    {
      "iteration": 1,
      "wall_time_s": 0.30490320012904704,
      "barrier_wait_s": 0.2634767999406904,
      "compute_time_s": 0.03705740021541715,
      "delta": 0.12016900062738957,
      "comm_bytes": 4492790,
      "driver_rss_mb": 327.9921875,
      "worker_task_times_s": [
        0.034298300044611096,
        0.01974120014347136,
        0.013589099980890751,
        0.022021499928086996
      ],
      "worker_peak_rss_mb": [
        0.57421875,
        0.53125,
        0.515625,
        0.51953125
      ],
      "task_min_s": 0.013589099980890751,
      "task_max_s": 0.034298300044611096,
      "task_avg_s": 0.02241252502426505,
      "task_std_s": 0.00868741147820445,
      "load_imbalance": 0.6037966907043297,
      "dirty_node_count": 48316
    },
    {
      "iteration": 2,
      "wall_time_s": 0.14730509999208152,
      "barrier_wait_s": 0.10577100003138185,
      "compute_time_s": 0.03780749998986721,
      "delta": 0.036305752016472306,
      "comm_bytes": 4492790,
      "driver_rss_mb": 335.2734375,
      "worker_task_times_s": [
        0.03330840007402003,
        0.015172000043094158,
        0.023130400106310844,
        0.017660600133240223
      ],
      "worker_peak_rss_mb": [
        0.41015625,
        0.359375,
        0.4296875,
        0.48828125
      ],
      "task_min_s": 0.015172000043094158,
      "task_max_s": 0.03330840007402003,
      "task_avg_s": 0.022317850089166313,
      "task_std_s": 0.008045818303790952,
      "load_imbalance": 0.5444992851839782,
      "dirty_node_count": 48316
    },
    {
      "iteration": 3,
      "wall_time_s": 0.13186719990335405,
      "barrier_wait_s": 0.09197329985909164,
      "compute_time_s": 0.03621209994889796,
      "delta": 0.015121709071132724,
      "comm_bytes": 4492790,
      "driver_rss_mb": 337.84375,
      "worker_task_times_s": [
        0.04219449986703694,
        0.014286400051787496,
        0.014937100000679493,
        0.02140600001439452
      ],
      "worker_peak_rss_mb": [
        0.5078125,
        0.48046875,
        0.4375,
        0.40234375
      ],
      "task_min_s": 0.014286400051787496,
      "task_max_s": 0.04219449986703694,
      "task_avg_s": 0.023205999983474612,
      "task_std_s": 0.013060590818483375,
      "load_imbalance": 0.6614155850452852,
      "dirty_node_count": 48316
    },
    {
      "iteration": 4,
      "wall_time_s": 0.12501959991641343,
      "barrier_wait_s": 0.0856224000453949,
      "compute_time_s": 0.035898900125175714,
      "delta": 0.006298930992027299,
      "comm_bytes": 4492790,
      "driver_rss_mb": 339.7421875,
      "worker_task_times_s": [
        0.02971370005980134,
        0.014376900158822536,
        0.012724899919703603,
        0.013755999971181154
      ],
      "worker_peak_rss_mb": [
        0.41015625,
        0.50390625,
        0.50390625,
        0.50390625
      ],
      "task_min_s": 0.012724899919703603,
      "task_max_s": 0.02971370005980134,
      "task_avg_s": 0.01764287502737716,
      "task_std_s": 0.008076007381282826,
      "load_imbalance": 0.5717497351695123,
      "dirty_node_count": 48316
    },
    {
      "iteration": 5,
      "wall_time_s": 0.1270707999356091,
      "barrier_wait_s": 0.08398650004528463,
      "compute_time_s": 0.03775409981608391,
      "delta": 0.0026238243903557055,
      "comm_bytes": 4492790,
      "driver_rss_mb": 341.30859375,
      "worker_task_times_s": [
        0.02908779983408749,
        0.01349620008841157,
        0.01360229984857142,
        0.014038600027561188
      ],
      "worker_peak_rss_mb": [
        0.4765625,
        0.48828125,
        0.44921875,
        0.48828125
      ],
      "task_min_s": 0.01349620008841157,
      "task_max_s": 0.02908779983408749,
      "task_avg_s": 0.017556224949657917,
      "task_std_s": 0.007691298763033095,
      "load_imbalance": 0.5360185312951856,
      "dirty_node_count": 48316
    },
    {
      "iteration": 6,
      "wall_time_s": 0.12347939983010292,
      "barrier_wait_s": 0.08474420011043549,
      "compute_time_s": 0.035465900087729096,
      "delta": 0.0010929563677977378,
      "comm_bytes": 4492790,
      "driver_rss_mb": 342.90625,
      "worker_task_times_s": [
        0.027728399960324168,
        0.01879559992812574,
        0.022240500198677182,
        0.012646199902519584
      ],
      "worker_peak_rss_mb": [
        0.453125,
        0.41015625,
        0.48828125,
        0.390625
      ],
      "task_min_s": 0.012646199902519584,
      "task_max_s": 0.027728399960324168,
      "task_avg_s": 0.02035267499741167,
      "task_std_s": 0.006318740483109154,
      "load_imbalance": 0.5439260858681101,
      "dirty_node_count": 48316
    },
    {
      "iteration": 7,
      "wall_time_s": 0.1301951000932604,
      "barrier_wait_s": 0.08951260009780526,
      "compute_time_s": 0.035683299880474806,
      "delta": 0.0004552719527267362,
      "comm_bytes": 4492790,
      "driver_rss_mb": 345.06640625,
      "worker_task_times_s": [
        0.03025750000961125,
        0.013311999849975109,
        0.015069599961861968,
        0.015022299950942397
      ],
      "worker_peak_rss_mb": [
        0.08203125,
        0.38671875,
        0.41796875,
        0.45703125
      ],
      "task_min_s": 0.013311999849975109,
      "task_max_s": 0.03025750000961125,
      "task_avg_s": 0.01841534994309768,
      "task_std_s": 0.00793699211618199,
      "load_imbalance": 0.5600429696522656,
      "dirty_node_count": 48316
    },
    {
      "iteration": 8,
      "wall_time_s": 0.12983600003644824,
      "barrier_wait_s": 0.08938680007122457,
      "compute_time_s": 0.036797699984163046,
      "delta": 0.00018964393916752427,
      "comm_bytes": 4492790,
      "driver_rss_mb": 344.375,
      "worker_task_times_s": [
        0.03132999991066754,
        0.012075299862772226,
        0.012326200027018785,
        0.011469800025224686
      ],
      "worker_peak_rss_mb": [
        0.42578125,
        0.51171875,
        0.4921875,
        0.515625
      ],
      "task_min_s": 0.011469800025224686,
      "task_max_s": 0.03132999991066754,
      "task_avg_s": 0.01680032495642081,
      "task_std_s": 0.009693117942431693,
      "load_imbalance": 0.6339036049176835,
      "dirty_node_count": 48316
    },
    {
      "iteration": 9,
      "wall_time_s": 0.1586734999436885,
      "barrier_wait_s": 0.1199199000839144,
      "compute_time_s": 0.035165999783203006,
      "delta": 7.899635238199461e-05,
      "comm_bytes": 4492790,
      "driver_rss_mb": 341.6015625,
      "worker_task_times_s": [
        0.02480070013552904,
        0.01235360000282526,
        0.010468399850651622,
        0.015403700061142445
      ],
      "worker_peak_rss_mb": [
        0.453125,
        0.45703125,
        0.37890625,
        0.390625
      ],
      "task_min_s": 0.010468399850651622,
      "task_max_s": 0.02480070013552904,
      "task_avg_s": 0.015756600012537092,
      "task_std_s": 0.006363064131602572,
      "load_imbalance": 0.577899019243623,