{
  "run_name": "v1_localised",
  "metadata": {
    "update_strategy": "localised",
    "partition_strategy": "range",
    "num_workers": 4,
    "num_nodes": 45830,
    "num_edges": 82550,
    "dirty_node_count": 11874,
    "dirty_pct": 25.908793366790313,
    "hop_radius": 2,
    "damping_factor": 0.85,
    "convergence_threshold": 1e-06,
    "snapshot_path": "snapshots\\graph_v1.pkl"
  },
  "total_wall_time_s": 0.6793150999583304,
  "num_iterations": 8,
  "avg_iteration_time_s": 0.0803478249872569,
  "total_compute_time_s": 0.15532650030218065,
  "total_barrier_wait_s": 0.4686954002827406,
  "total_comm_bytes": 16505200,
  "total_comm_kb": 16118.359375,
  "avg_load_imbalance": 0.6267768121760453,
  "driver_rss_baseline_mb": 200.5,
  "driver_rss_peak_mb": 207.75390625,
  "peak_worker_rss_mb": 0.19140625,
  "final_delta": 8.537301004085904e-07,
  "extras": {
    "num_iterations": 8,
    "rank_sum": 1.0000000000000355
  },
  "iterations": [
    {
      "iteration": 1,
      "wall_time_s": 0.20781440008431673,
      "barrier_wait_s": 0.1867275999393314,
      "compute_time_s": 0.01945070014335215,
      "delta": 0.03212488687417776,
      "comm_bytes": 2063150,
      "driver_rss_mb": 204.84375,
      "worker_task_times_s": [
        0.0057385999243706465,
        0.0027256999164819717,
        0.0050005000084638596,
        0.0049142001662403345
      ],
      "worker_peak_rss_mb": [
        0.125,
        0.13671875,
        0.1328125,
        0.13671875
      ],
      "task_min_s": 0.0027256999164819717,
      "task_max_s": 0.0057385999243706465,
      "task_avg_s": 0.004594750003889203,
      "task_std_s": 0.0012997977204499784,
      "load_imbalance": 0.5250235331955294,
      "dirty_node_count": 11874
    },
    {
      "iteration": 2,
      "wall_time_s": 0.06157250003889203,
      "barrier_wait_s": 0.04084479995071888,
      "compute_time_s": 0.01863600010983646,
      "delta": 0.006240498766886994,
      "comm_bytes": 2063150,
      "driver_rss_mb": 205.828125,
      "worker_task_times_s": [
        0.008586999960243702,
        0.006956199882552028,
        0.004431599983945489,
        0.012022099923342466
      ],
      "worker_peak_rss_mb": [
        0.1640625,
        0.125,
        0.1328125,
        0.125
      ],
      "task_min_s": 0.004431599983945489,
      "task_max_s": 0.012022099923342466,
      "task_avg_s": 0.007999224937520921,
      "task_std_s": 0.003180401007396836,
      "load_imbalance": 0.631378876219373,
      "dirty_node_count": 11874
    },
    {
      "iteration": 3,
      "wall_time_s": 0.06131999986246228,
      "barrier_wait_s": 0.03916419995948672,
      "compute_time_s": 0.019811799749732018,
      "delta": 0.0014157054980816737,
      "comm_bytes": 2063150,
      "driver_rss_mb": 206.0,
      "worker_task_times_s": [
        0.012328699929639697,
        0.013253899989649653,
        0.002774900058284402,
        0.0026624000165611506
      ],
      "worker_peak_rss_mb": [
        0.14453125,
        0.19140625,
        0.125,
        0.125
      ],
      "task_min_s": 0.0026624000165611506,
      "task_max_s": 0.013253899989649653,
      "task_avg_s": 0.007754974998533726,
      "task_std_s": 0.005827881323455718,
      "load_imbalance": 0.7991232755158637,
      "dirty_node_count": 11874
    },
    {
      "iteration": 4,
      "wall_time_s": 0.05731999990530312,
      "barrier_wait_s": 0.03792340005747974,
      "compute_time_s": 0.017107400111854076,
      "delta": 0.000321368691820986,
      "comm_bytes": 2063150,
      "driver_rss_mb": 206.07421875,
      "worker_task_times_s": [
        0.008213500026613474,
        0.0038472998421639204,
        0.0038032999727874994,
        0.0028216999489814043
      ],
      "worker_peak_rss_mb": [
        0.125,
        0.125,
        0.15234375,
        0.12890625
      ],
      "task_min_s": 0.0028216999489814043,
      "task_max_s": 0.008213500026613474,
      "task_avg_s": 0.0046714499476365745,
      "task_std_s": 0.0024083605484980924,
      "load_imbalance": 0.6564558422306568,
      "dirty_node_count": 11874
    },
    {
      "iteration": 5,
      "wall_time_s": 0.061385100008919835,
      "barrier_wait_s": 0.0381113002076745,
      "compute_time_s": 0.020950699923560023,
      "delta": 7.295868663686298e-05,
      "comm_bytes": 2063150,
      "driver_rss_mb": 206.890625,
      "worker_task_times_s": [
        0.006434299983084202,
        0.002999400021508336,
        0.005509600043296814,
        0.0055311000905931
      ],
      "worker_peak_rss_mb": [
        0.125,
        0.125,
        0.125,
        0.125
      ],
      "task_min_s": 0.002999400021508336,
      "task_max_s": 0.006434299983084202,
      "task_avg_s": 0.005118600034620613,
      "task_std_s": 0.001477059280340982,
      "load_imbalance": 0.5338420606136224,
      "dirty_node_count": 11874
    },
    {
      "iteration": 6,
      "wall_time_s": 0.06349490000866354,
      "barrier_wait_s": 0.04020520020276308,
      "compute_time_s": 0.020186700392514467,
      "delta": 1.6563700542960166e-05,
      "comm_bytes": 2063150,
      "driver_rss_mb": 207.328125,
      "worker_task_times_s": [
        0.01239950000308454,
        0.00583869987167418,
        0.0037605001125484705,
        0.003995500039309263
      ],
      "worker_peak_rss_mb": [
        0.13671875,
        0.125,
        0.125,
        0.1484375
      ],
      "task_min_s": 0.0037605001125484705,
      "task_max_s": 0.01239950000308454,
      "task_avg_s": 0.0064985500066541135,
      "task_std_s": 0.004042226672789898,
      "load_imbalance": 0.6967216330002826,
      "dirty_node_count": 11874
    },
    {
      "iteration": 7,
      "wall_time_s": 0.06161279999651015,
      "barrier_wait_s": 0.04147919989190996,
      "compute_time_s": 0.017832899931818247,
      "delta": 3.7604418955832403e-06,
      "comm_bytes": 2063150,
      "driver_rss_mb": 207.75390625,
      "worker_task_times_s": [
        0.00750099983997643,
        0.006043599918484688,
        0.0030912000220268965,
        0.0055519999004900455
      ],
      "worker_peak_rss_mb": [
        0.125,
        0.13671875,
        0.16796875,
        0.125
      ],
      "task_min_s": 0.0030912000220268965,
      "task_max_s": 0.00750099983997643,
      "task_avg_s": 0.005546949920244515,
      "task_std_s": 0.0018344577195502573,
      "load_imbalance": 0.587894935612129,
      "dirty_node_count": 11874
    },
    {
      "iteration": 8,
      "wall_time_s": 0.06826289999298751,
      "barrier_wait_s": 0.0442397000733763,
      "compute_time_s": 0.021350299939513206,
      "delta": 8.537301004085904e-07,
      "comm_bytes": 2063150,
      "driver_rss_mb": 207.46484375,
      "worker_task_times_s": [
        0.012131400173529983,
        0.00504940003156662,
        0.005782699910923839,
        0.005487800110131502
      ],
      "worker_peak_rss_mb": [
        0.125,
        0.15625,
        0.125,
        0.17578125
      ],
      "task_min_s": 0.00504940003156662,
      "task_max_s": 0.012131400173529983,
      "task_avg_s": 0.007112825056537986,
      "task_std_s": 0.0033592537870787004,
      "load_imbalance": 0.5837743410209054,
      "dirty_node_count": 11874
    }
  ],
  "accuracy_vs_full": {
    "max_abs_diff": 1.3105121017077724e-07,
    "l1_diff": 0.0026966123638075858,
    "l2_diff": 1.4377754091855167e-05,
    "missing_nodes": 0
  }
}