{
  "run_name": "v2_localised",
  "metadata": {
    "update_strategy": "localised",
    "partition_strategy": "range",
    "num_workers": 4,
    "num_nodes": 61720,
    "num_edges": 110464,
    "dirty_node_count": 20107,
    "dirty_pct": 32.57777057679844,
    "hop_radius": 2,
    "damping_factor": 0.85,
    "convergence_threshold": 1e-06,
    "snapshot_path": "snapshots\\graph_v2.pkl"
  },
  "total_wall_time_s": 0.9931656999979168,
  "num_iterations": 10,
  "avg_iteration_time_s": 0.09431211999617517,
  "total_compute_time_s": 0.24673389899544418,
  "total_barrier_wait_s": 0.6653170001227409,
  "total_comm_bytes": 27784500,
  "total_comm_kb": 27133.30078125,
  "avg_load_imbalance": 0.5166230021427471,
  "driver_rss_baseline_mb": 239.1796875,
  "driver_rss_peak_mb": 250.390625,
  "peak_worker_rss_mb": 0.1875,
  "final_delta": 5.556362740995538e-07,
  "extras": {
    "num_iterations": 10,
    "rank_sum": 1.0000000000004061
  },
  "iterations": [
    {
      "iteration": 1,
      "wall_time_s": 0.21930669993162155,
      "barrier_wait_s": 0.1906483001075685,
      "compute_time_s": 0.025393099756911397,
      "delta": 0.05603625035816565,
      "comm_bytes": 2778450,
      "driver_rss_mb": 242.046875,
      "worker_task_times_s": [
        0.012173900147899985,
        0.007356100017204881,
        0.009539599996060133,
        0.00864230003207922
      ],
      "worker_peak_rss_mb": [
        0.125,
        0.125,
        0.125,
        0.125
      ],
      "task_min_s": 0.007356100017204881,
      "task_max_s": 0.012173900147899985,
      "task_avg_s": 0.009427975048311055,
      "task_std_s": 0.0020381786115029736,
      "load_imbalance": 0.3957482870866311,
      "dirty_node_count": 20107
    },
    {
      "iteration": 2,
      "wall_time_s": 0.07620480004698038,
      "barrier_wait_s": 0.04915800015442073,
      "compute_time_s": 0.02411409979686141,
      "delta": 0.013407617808774324,
      "comm_bytes": 2778450,
      "driver_rss_mb": 244.55078125,
      "worker_task_times_s": [
        0.014424900058656931,
        0.00932949990965426,
        0.010140999918803573,
        0.008635800099000335
      ],
      "worker_peak_rss_mb": [
        0.12890625,
        0.15234375,
        0.12890625,
        0.12890625
      ],
      "task_min_s": 0.008635800099000335,
      "task_max_s": 0.014424900058656931,
      "task_avg_s": 0.010632799996528774,
      "task_std_s": 0.0026018256349993043,
      "load_imbalance": 0.4013268678546121,
      "dirty_node_count": 20107
    },
    {
      "iteration": 3,
      "wall_time_s": 0.0844312000554055,
      "barrier_wait_s": 0.05770150013267994,
      "compute_time_s": 0.023411599919199944,
      "delta": 0.0037969068192551495,
      "comm_bytes": 2778450,
      "driver_rss_mb": 245.63671875,
      "worker_task_times_s": [
        0.009362299926578999,
        0.004720199853181839,
        0.006585299968719482,
        0.004498800029978156
      ],
      "worker_peak_rss_mb": [
        0.12890625,
        0.15234375,
        0.140625,
        0.16796875
      ],
      "task_min_s": 0.004498800029978156,
      "task_max_s": 0.009362299926578999,
      "task_avg_s": 0.006291649944614619,
      "task_std_s": 0.0022508433867234963,
      "load_imbalance": 0.5194770446088426,
      "dirty_node_count": 20107
    },
    {
      "iteration": 4,
      "wall_time_s": 0.07902069995179772,
      "barrier_wait_s": 0.051327000139281154,
      "compute_time_s": 0.02446269989013672,
      "delta": 0.0010755115356649225,
      "comm_bytes": 2778450,
      "driver_rss_mb": 246.62109375,
      "worker_task_times_s": [
        0.012691499898210168,
        0.007449900032952428,
        0.008447400061413646,
        0.004593299934640527
      ],
      "worker_peak_rss_mb": [
        0.1328125,
        0.1875,
        0.1328125,
        0.1640625
      ],
      "task_min_s": 0.004593299934640527,
      "task_max_s": 0.012691499898210168,
      "task_avg_s": 0.008295524981804192,
      "task_std_s": 0.0033550565499180216,
      "load_imbalance": 0.6380806073765717,
      "dirty_node_count": 20107
    },
    {
      "iteration": 5,
      "wall_time_s": 0.08111079991795123,
      "barrier_wait_s": 0.05351700005121529,
      "compute_time_s": 0.024421899812296033,
      "delta": 0.00030465620344272273,
      "comm_bytes": 2778450,
      "driver_rss_mb": 246.32421875,
      "worker_task_times_s": [
        0.013018500059843063,
        0.009891199879348278,
        0.009496700018644333,
        0.009259599959477782
      ],
      "worker_peak_rss_mb": [
        0.125,
        0.14453125,
        0.13671875,
        0.125
      ],
      "task_min_s": 0.009259599959477782,
      "task_max_s": 0.013018500059843063,
      "task_avg_s": 0.010416499979328364,
      "task_std_s": 0.0017541184146309518,
      "load_imbalance": 0.2887352677410207,
      "dirty_node_count": 20107
    },
    {
      "iteration": 6,
      "wall_time_s": 0.0819854000583291,
      "barrier_wait_s": 0.05516469990834594,
      "compute_time_s": 0.024019500007852912,
      "delta": 8.629905213237326e-05,
      "comm_bytes": 2778450,
      "driver_rss_mb": 248.57421875,
      "worker_task_times_s": [
        0.015106899896636605,
        0.009627499850466847,
        0.009946800069883466,
        0.00972809991799295
      ],
      "worker_peak_rss_mb": [
        0.16015625,
        0.12890625,
        0.125,
        0.14453125
      ],
      "task_min_s": 0.009627499850466847,
      "task_max_s": 0.015106899896636605,
      "task_avg_s": 0.011102324933744967,
      "task_std_s": 0.002673042072533692,
      "load_imbalance": 0.362708436784551,
      "dirty_node_count": 20107
    },
    {
      "iteration": 7,
      "wall_time_s": 0.07830270007252693,
      "barrier_wait_s": 0.05036209989339113,
      "compute_time_s": 0.025296600069850683,
      "delta": 2.4445680850649616e-05,
      "comm_bytes": 2778450,
      "driver_rss_mb": 249.23828125,
      "worker_task_times_s": [
        0.01049409992992878,
        0.005156500032171607,
        0.00915200007148087,
        0.009117099922150373
      ],
      "worker_peak_rss_mb": [
        0.15234375,
        0.125,
        0.14453125,
        0.140625
      ],
      "task_min_s": 0.005156500032171607,
      "task_max_s": 0.01049409992992878,
      "task_avg_s": 0.008479924988932908,
      "task_std_s": 0.002306493077398536,
      "load_imbalance": 0.5086286516611622,
      "dirty_node_count": 20107
    },
    {
      "iteration": 8,
      "wall_time_s": 0.07491670013405383,
      "barrier_wait_s": 0.047000099904835224,
      "compute_time_s": 0.024932499742135406,
      "delta": 6.92465695541201e-06,
      "comm_bytes": 2778450,
      "driver_rss_mb": 249.70703125,
      "worker_task_times_s": [
        0.014960499946027994,
        0.005711199948564172,
        0.0074031001422554255,
        0.004734799964353442
      ],
      "worker_peak_rss_mb": [
        0.125,
        0.140625,
        0.15625,
        0.125
      ],
      "task_min_s": 0.004734799964353442,
      "task_max_s": 0.014960499946027994,
      "task_avg_s": 0.008202400000300258,
      "task_std_s": 0.004638287142418846,
      "load_imbalance": 0.6835132528033911,
      "dirty_node_count": 20107
    },
    {
      "iteration": 9,
      "wall_time_s": 0.0895385998301208,
      "barrier_wait_s": 0.06012669997289777,
      "compute_time_s": 0.026283799903467298,
      "delta": 1.9615275296771478e-06,
      "comm_bytes": 2778450,
      "driver_rss_mb": 250.33984375,
      "worker_task_times_s": [
        0.01909800013527274,
        0.005173299927264452,
        0.00832189992070198,
        0.00958589999936521
      ],
      "worker_peak_rss_mb": [
        0.12890625,
        0.1796875,
        0.14453125,
        0.1484375
      ],
      "task_min_s": 0.005173299927264452,
      "task_max_s": 0.01909800013527274,
      "task_avg_s": 0.010544774995651096,
      "task_std_s": 0.005996416139570015,
      "load_imbalance": 0.7291182380028519,